{
  "timestamp": "20251015_085725",
  "models": [
    {
      "model_name": "Claude Sonnet",
      "accuracy": 0.45,
      "precision": 0.25,
      "recall": 0.2857142857142857,
      "f1_score": 0.26666666666666666,
      "calibration_error": 0.21500000000000002,
      "total_time_seconds": 32216.88844680786,
      "avg_time_per_example": 1610.844422340393,
      "total_examples": 20,
      "by_label_accuracy": {
        "entailment": 0.8571428571428571,
        "neutral": 0.16666666666666666,
        "contradiction": 0.2857142857142857
      }
    },
    {
      "model_name": "GPT-4",
      "accuracy": 0.55,
      "precision": 0.4,
      "recall": 0.5714285714285714,
      "f1_score": 0.47058823529411764,
      "calibration_error": 0.38,
      "total_time_seconds": 2021.792985200882,
      "avg_time_per_example": 101.0896492600441,
      "total_examples": 20,
      "by_label_accuracy": {
        "entailment": 0.7142857142857143,
        "neutral": 0.3333333333333333,
        "contradiction": 0.5714285714285714
      }
    }
  ],
  "benchmark": "contradiction_detection",
  "num_examples": 20
}